Iteration,Threads,Elapsed Time(s)
1,2,8.028708
1,4,8.067055
1,6,8.117334
1,8,8.165224
1,10,8.180670
1,12,8.217398
1,14,9.565052
1,16,10.954540
1,18,12.315913
1,20,13.672028
1,22,15.055679
1,24,16.406230
